variable,count,mean,std,min,25%,50%,75%,max,original
dummy1,1000.0,0.0004091335325737575,0.010257786806979264,-0.0391159158469349,-0.0067754102536827,0.00044954965968275,0.007454165974032725,0.032709006805323,-0.0083592514668087
dummy2,1000.0,-0.00037225411381902807,0.009841876002929765,-0.0338721735165634,-0.0070686508709222745,-0.00021744187032975002,0.006090820980720625,0.025061108517022,-0.0027114979824354
x1,1000.0,-0.011538070859452944,3.017453525376223,-9.068275804050518,-2.0876745811896864,-0.0474984455371296,1.999236202259729,28.20462488832432,28.20462488832432
x2,1000.0,-0.4845466564697034,8.230696300736211,-28.166243404901028,-6.068584611836414,-0.26521220534572204,4.972885050203765,75.05111537117008,75.05111537117008
x3,1000.0,-0.011428949905601445,1.8790093575177194,-5.750177435838504,-1.2641734970671044,-0.049130214984664605,1.2629370538662679,17.75336839711685,17.75336839711685
